name,category,brand,price,rating,ram_gb,storage_gb,use_cases,specifications,description
Dell Latitude 3540,Laptop,Dell,57999,4.4,16,512,"office productivity;sales;remote work","Intel Core i5; 16GB RAM; 512GB SSD; 15.6 inch FHD","Business laptop designed for office productivity, sales teams and everyday multitasking."
HP ProBook 440 G10,Laptop,HP,59499,4.5,16,512,"office productivity;sales;remote work","Intel Core i5; 16GB RAM; 512GB SSD; 14 inch FHD","Professional business laptop with strong security, portability and productivity performance."
Lenovo ThinkPad E14 Gen 5,Laptop,Lenovo,61999,4.6,16,512,"office productivity;sales;remote work","Intel Core i5; 16GB RAM; 512GB SSD; 14 inch FHD","Durable business laptop suited to corporate users and mobile professionals."
Acer TravelMate P2,Laptop,Acer,51999,4.2,16,512,"office productivity;sales","Intel Core i5; 16GB RAM; 512GB SSD; 15.6 inch FHD","Cost-effective business notebook for standard office workloads."
ASUS ExpertBook B1,Laptop,ASUS,54999,4.3,16,512,"office productivity;sales;remote work","Intel Core i5; 16GB RAM; 512GB SSD; 15.6 inch FHD","Lightweight business laptop aimed at enterprise and SMB users."
Apple MacBook Air M2,Laptop,Apple,89990,4.8,16,512,"office productivity;design;remote work","Apple M2; 16GB unified memory; 512GB SSD; 13.6 inch","Premium laptop for productivity, creative work and executive users."
Dell Precision 3581,Laptop,Dell,112999,4.6,32,1024,"design;office productivity","Intel Core i7; 32GB RAM; 1TB SSD; 15.6 inch FHD","Mobile workstation for engineering, analytics and demanding professional workloads."
HP ZBook Power G10,Laptop,HP,124999,4.7,32,1024,"design;video editing","Intel Core i7; 32GB RAM; 1TB SSD; 15.6 inch","Professional workstation for design and compute-intensive workloads."
Dell OptiPlex 7010,Desktop,Dell,58999,4.4,16,512,"office productivity;customer support","Intel Core i5; 16GB RAM; 512GB SSD","Reliable corporate desktop for office and customer support environments."
HP Pro Tower 290,Desktop,HP,47999,4.2,16,512,"office productivity;customer support","Intel Core i5; 16GB RAM; 512GB SSD","Value-focused desktop for standard business applications."
Lenovo ThinkCentre Neo 50t,Desktop,Lenovo,52999,4.5,16,512,"office productivity;customer support","Intel Core i5; 16GB RAM; 512GB SSD","Compact business desktop for corporate teams."
Dell P2425H,Monitor,Dell,14999,4.5,0,0,"office productivity;customer support","24 inch FHD; IPS; 100Hz","Business monitor designed for productive multi-screen office setups."
LG 24MR400,Monitor,LG,8999,4.3,0,0,"office productivity;customer support","24 inch FHD; IPS; 100Hz","Affordable full-HD monitor for office deployments."
Samsung ViewFinity S6,Monitor,Samsung,24999,4.6,0,0,"design;office productivity","27 inch QHD; IPS; USB-C","High-resolution business monitor for productivity and creative workflows."
Logitech Brio 500,Webcam,Logitech,8999,4.5,0,0,"video conferencing;remote work;customer support","1080p; auto framing; dual noise reduction","Business webcam optimized for meetings and remote collaboration."
Logitech C920e,Webcam,Logitech,6999,4.4,0,0,"video conferencing;remote work","1080p; dual microphones; privacy shutter","Reliable corporate webcam for everyday video meetings."
HP 960 4K Webcam,Webcam,HP,11999,4.5,0,0,"video conferencing;design","4K; auto framing; dual microphones","Premium webcam for professional conference rooms and hybrid work."
Jabra Evolve2 40,Headset,Jabra,10999,4.6,0,0,"video conferencing;customer support;remote work","USB-C; noise isolation; boom microphone","Professional wired headset for calls, meetings and customer support."
Logitech Zone Wired,Headset,Logitech,7999,4.4,0,0,"video conferencing;customer support","USB; noise-cancelling microphone","Enterprise headset designed for clear business communications."
Poly Blackwire 5220,Headset,Poly,6999,4.3,0,0,"customer support;video conferencing","USB; 3.5mm; noise-cancelling microphone","Flexible business headset suitable for contact centers and office teams."
HP LaserJet Pro 4003dw,Printer,HP,31999,4.5,0,0,"office productivity;customer support","Laser; duplex; Wi-Fi; 35 ppm","Fast monochrome printer for departmental business printing."
Brother DCP-L2541DW,Printer,Brother,16999,4.4,0,0,"office productivity;customer support","Laser; print scan copy; duplex; Wi-Fi","Compact multifunction printer for small and medium offices."
Canon imageCLASS LBP246dw,Printer,Canon,21999,4.3,0,0,"office productivity","Laser; duplex; Wi-Fi; 38 ppm","High-speed office printer for document-heavy teams."
Cisco C9200L-24P,Router,Cisco,149999,4.7,0,0,"office productivity","24-port managed switch; PoE+; enterprise networking","Enterprise network infrastructure for business campuses."
TP-Link Archer AX55,Router,TP-Link,8999,4.5,0,0,"remote work;office productivity","Wi-Fi 6; dual band; gigabit ports","Wi-Fi 6 router suitable for small offices and remote work."
Cisco Meraki MX75,Router,Cisco,169999,4.8,0,0,"office productivity;remote work","Cloud-managed security appliance; VPN; SD-WAN","Cloud-managed networking appliance for distributed business environments."
BenQ MW560,Projector,BenQ,34999,4.5,0,0,"office productivity;video conferencing","WXGA; 4000 ANSI lumens; HDMI","Business projector for meeting rooms and presentations."
Epson CO-FH02,Projector,Epson,49999,4.6,0,0,"office productivity;video conferencing","Full HD; 3000 lumens; HDMI","Portable Full HD projector for corporate presentations."
HP EliteDesk 800 G9,Desktop,HP,84999,4.6,32,1024,"office productivity;design","Intel Core i7; 32GB RAM; 1TB SSD","High-performance enterprise desktop for demanding business users."
Lenovo ThinkStation P3,Desktop,Lenovo,119999,4.7,32,1024,"design;video editing","Intel Core i7; 32GB RAM; 1TB SSD","Professional workstation for engineering and creative workloads."
Microsoft Surface Pro 10,Tablet,Microsoft,109999,4.6,16,512,"sales;remote work;office productivity","Intel Core Ultra; 16GB RAM; 512GB SSD; 13 inch","Portable business tablet for executives and mobile sales professionals."
Samsung Galaxy Tab S9,Tablet,Samsung,74999,4.5,12,256,"sales;remote work","12GB RAM; 256GB storage; 12.4 inch","Premium Android tablet for mobile productivity and sales presentations."
Featherlite Astro Office Chair,Office Chair,Featherlite,13999,4.5,0,0,"customer support;office productivity","Adjustable lumbar; mesh back; adjustable arms","Ergonomic office chair designed for long working hours."
Green Soul Jupiter Pro,Office Chair,Green Soul,9999,4.3,0,0,"customer support;office productivity;remote work","Adjustable lumbar; headrest; mesh back","Affordable ergonomic chair for office and home-office teams."
Steelcase Series 1,Office Chair,Steelcase,44999,4.8,0,0,"office productivity","Ergonomic support; adjustable arms; lumbar support","Premium ergonomic chair for high-use corporate environments."
